"brandname","color","models","specs","price","price-a","price-b","price-c","manufacturer","screen-size","form/type","tags","pic1","pic2","pic3","pic4"
"Blackberry Q10","Black","Q10",,"39,500","32,500","27,500",,"Blackberry","3.1 inches","phone","Accelerometer, gyro, proximity, compass","http://obiweezy.vm/wp-content/uploads/obiwezy-assets/nexus_5_template-front.jpg","http://obiweezy.vm/wp-content/uploads/obiwezy-assets/nexus_5_template-back.jpg",,
"Blackberry Q10","White ","Q10",,"39,500","32,500","27,500",,"Blackberry","3.1 inches","phone","Accelerometer, gyro, proximity, compass","http://obiweezy.vm/wp-content/uploads/obiwezy-assets/nexus_5_template-front.jpg","http://obiweezy.vm/wp-content/uploads/obiwezy-assets/nexus_5_template-back.jpg",,
"Blackberry Z10 ","Black","Z10",,"19,500","25,500","20,000",,"Blackberry","4.2 inches","phone","Accelerometer, gyro, proximity, compass","http://obiweezy.vm/wp-content/uploads/obiwezy-assets/nexus_5_template-front.jpg","http://obiweezy.vm/wp-content/uploads/obiwezy-assets/nexus_5_template-back.jpg",,
"Blackberry Z10 ","White ","Z10",,"29,500","26,000","20,000",,"Blackberry","4.2 inches","phone","Accelerometer, gyro, proximity, compass","http://obiweezy.vm/wp-content/uploads/obiwezy-assets/nexus_5_template-front.jpg","http://obiweezy.vm/wp-content/uploads/obiwezy-assets/nexus_5_template-back.jpg",,
"Blackberry Porsche Design","Black","Porsche 9981",,"130,000","110,000","90,000",,"Blackberry","2.8 inches","phone","Accelerometer, proximity, compass","http://obiweezy.vm/wp-content/uploads/obiwezy-assets/nexus_5_template-front.jpg","http://obiweezy.vm/wp-content/uploads/obiwezy-assets/nexus_5_template-back.jpg",,
"Blackberry Porsche Design ","Silver","Porsche 9981",,,"90,000","55,000",,"Blackberry","2.8 inches","phone","Accelerometer, proximity, compass","http://obiweezy.vm/wp-content/uploads/obiwezy-assets/nexus_5_template-front.jpg","http://obiweezy.vm/wp-content/uploads/obiwezy-assets/nexus_5_template-back.jpg",,
"Blackberry  Bold 5","Black",9900,,"19,500","12,000","8,000",,"Blackberry","2.8 inches","phone","Proximity, compass","http://obiweezy.vm/wp-content/uploads/obiwezy-assets/nexus_5_template-front.jpg","http://obiweezy.vm/wp-content/uploads/obiwezy-assets/nexus_5_template-back.jpg",,
"Blackberry Bold 5","White ",9900,,"22,500","12,000","8,000",,"Blackberry","2.8 inches","phone","Proximity, compass","http://obiweezy.vm/wp-content/uploads/obiwezy-assets/nexus_5_template-front.jpg","http://obiweezy.vm/wp-content/uploads/obiwezy-assets/nexus_5_template-back.jpg",,
"Blackberry  Torch 2","Silver",9810,,,"11,000","5,000",,"Blackberry","3.2 inches","phone","Proximity, compass","http://obiweezy.vm/wp-content/uploads/obiwezy-assets/nexus_5_template-front.jpg","http://obiweezy.vm/wp-content/uploads/obiwezy-assets/nexus_5_template-back.jpg",,
"Blackberry  Torch 2","White ",9810,,,"13,000","5,000",,"Blackberry","3.2 inches","phone","Proximity, compass","http://obiweezy.vm/wp-content/uploads/obiwezy-assets/nexus_5_template-front.jpg","http://obiweezy.vm/wp-content/uploads/obiwezy-assets/nexus_5_template-back.jpg",,
"Blackberry  Torch 1","Black",9800,,,"10,000","4,000",,"Blackberry","3.2 inches","phone","proximity","http://obiweezy.vm/wp-content/uploads/obiwezy-assets/nexus_5_template-front.jpg","http://obiweezy.vm/wp-content/uploads/obiwezy-assets/nexus_5_template-back.jpg",,
"Blackberry  Bold 6","Black",9790,,"17,500","9,000","5,000",,"Blackberry","2.45 inches","phone","Geo-tagging, face detection","http://obiweezy.vm/wp-content/uploads/obiwezy-assets/nexus_5_template-front.jpg","http://obiweezy.vm/wp-content/uploads/obiwezy-assets/nexus_5_template-back.jpg",,
"Blackberry  Bold 6","White ",9790,,"27,000","10,000","5,000",,"Blackberry","2.45 inches","phone","Geo-tagging, face detection","http://obiweezy.vm/wp-content/uploads/obiwezy-assets/nexus_5_template-front.jpg","http://obiweezy.vm/wp-content/uploads/obiwezy-assets/nexus_5_template-back.jpg",,
"Blackberry  Curve 4","Black",9360,,"18,500","9,000","4,000",,"Blackberry","2.44 inches","phone","Geo-tagging, face detection","http://obiweezy.vm/wp-content/uploads/obiwezy-assets/nexus_5_template-front.jpg","http://obiweezy.vm/wp-content/uploads/obiwezy-assets/nexus_5_template-back.jpg",,
"Blackberry Curve 4","White ",9360,,"18,500","10,000","4,000",,"Blackberry","2.44 inches","phone","Geo-tagging, face detection","http://obiweezy.vm/wp-content/uploads/obiwezy-assets/nexus_5_template-front.jpg","http://obiweezy.vm/wp-content/uploads/obiwezy-assets/nexus_5_template-back.jpg",,
"Blackberry Curve 7","Black",9320,,,"9,000","4,000",,"Blackberry","2.44 inches","phone","Geo-tagging, face detection","http://obiweezy.vm/wp-content/uploads/obiwezy-assets/nexus_5_template-front.jpg","http://obiweezy.vm/wp-content/uploads/obiwezy-assets/nexus_5_template-back.jpg",,
"Blackberry Curve 7","White ",9320,,,"10,000","4,000",,"Blackberry","2.44 inches","phone","Geo-tagging, face detection","http://obiweezy.vm/wp-content/uploads/obiwezy-assets/nexus_5_template-front.jpg","http://obiweezy.vm/wp-content/uploads/obiwezy-assets/nexus_5_template-back.jpg",,
"Blackberry Curve 6","White ",9220,,,"6,000","3,000",,"Blackberry","2.44 inches","phone","Accelerometer, proximity, compass","http://obiweezy.vm/wp-content/uploads/obiwezy-assets/nexus_5_template-front.jpg","http://obiweezy.vm/wp-content/uploads/obiwezy-assets/nexus_5_template-back.jpg",,
"Blackberry Curve 6","White ",9220,,,"6,500","3,000",,"Blackberry","2.44 inches","phone","Accelerometer, proximity, compass","http://obiweezy.vm/wp-content/uploads/obiwezy-assets/nexus_5_template-front.jpg","http://obiweezy.vm/wp-content/uploads/obiwezy-assets/nexus_5_template-back.jpg",,
"Blackberry Q5 Black","White ","Q5",,,"20,000","15,000",,"Blackberry","3.1 inches","phone","Accelerometer, gyro, proximity, compass","http://obiweezy.vm/wp-content/uploads/obiwezy-assets/nexus_5_template-front.jpg","http://obiweezy.vm/wp-content/uploads/obiwezy-assets/nexus_5_template-back.jpg",,
"Blackberry Q5 White","White ","Q5",,,"20,500","15,000",,"Blackberry","3.1 inches","phone","Accelerometer, gyro, proximity, compass","http://obiweezy.vm/wp-content/uploads/obiwezy-assets/nexus_5_template-front.jpg","http://obiweezy.vm/wp-content/uploads/obiwezy-assets/nexus_5_template-back.jpg",,
"Blackberry Curve 8 or Bold 7","White ",9720,,,"16,000","10,000",,"Blackberry","2.8 inches","phone","Accelerometer, proximity","http://obiweezy.vm/wp-content/uploads/obiwezy-assets/nexus_5_template-front.jpg","http://obiweezy.vm/wp-content/uploads/obiwezy-assets/nexus_5_template-back.jpg",,
"Blackberry Curve 8 or Bold 7","White ",9720,,,"16,500","10,000",,"Blackberry","2.8 inches","phone","Accelerometer, proximity","http://obiweezy.vm/wp-content/uploads/obiwezy-assets/nexus_5_template-front.jpg","http://obiweezy.vm/wp-content/uploads/obiwezy-assets/nexus_5_template-back.jpg",,
"Blackberry Q10 Gold","White ","Q10",,,"40,000","30,000",,"Blackberry","3.1 inches","phone","Accelerometer, gyro, proximity, compass","http://obiweezy.vm/wp-content/uploads/obiwezy-assets/nexus_5_template-front.jpg","http://obiweezy.vm/wp-content/uploads/obiwezy-assets/nexus_5_template-back.jpg",,
"Blackberry Z30 Black","White ","Z30",,"50,500","40,000","30,000",,"Blackberry","5.0 inches","phone","Accelerometer, gyro, proximity, compass","http://obiweezy.vm/wp-content/uploads/obiwezy-assets/nexus_5_template-front.jpg","http://obiweezy.vm/wp-content/uploads/obiwezy-assets/nexus_5_template-back.jpg",,
"Blackberry Z30 White","White ","Z30",,,"42,000","32,000",,"Blackberry","5.0 inches","phone","Accelerometer, gyro, proximity, compass","http://obiweezy.vm/wp-content/uploads/obiwezy-assets/nexus_5_template-front.jpg","http://obiweezy.vm/wp-content/uploads/obiwezy-assets/nexus_5_template-back.jpg",,
"Blackberry Z3","White ","Z3",,"30,500","25,000","20,000",,"Blackberry","5.0 inches","phone","Accelerometer, proximity","http://obiweezy.vm/wp-content/uploads/obiwezy-assets/nexus_5_template-front.jpg","http://obiweezy.vm/wp-content/uploads/obiwezy-assets/nexus_5_template-back.jpg",,
"Blackberry Porsche Design ","White ",9982,,"210,000","150,000","100,000",,"Blackberry","4.2 inches","phone","Accelerometer, gyro, proximity, compass","http://obiweezy.vm/wp-content/uploads/obiwezy-assets/nexus_5_template-front.jpg","http://obiweezy.vm/wp-content/uploads/obiwezy-assets/nexus_5_template-back.jpg",,
"Blackberry Bold 4 9780","White ",9780,,"12,900",,,,"Blackberry","2.44 inches","phone","gps ,5MP  camera","http://obiweezy.vm/wp-content/uploads/obiwezy-assets/nexus_5_template-front.jpg","http://obiweezy.vm/wp-content/uploads/obiwezy-assets/nexus_5_template-back.jpg",,
"Blackberry Pearl 2","White ",9105,,"10,000",,,,"Blackberry","2.25 inches","phone","gps ,3.5MP  camera","http://obiweezy.vm/wp-content/uploads/obiwezy-assets/nexus_5_template-front.jpg","http://obiweezy.vm/wp-content/uploads/obiwezy-assets/nexus_5_template-back.jpg",,
"Blackberry Curve 5","White ",9380,,"11,500",,,,"Blackberry","3.2 inches","phone","Geo-tagging, face detection","http://obiweezy.vm/wp-content/uploads/obiwezy-assets/nexus_5_template-front.jpg","http://obiweezy.vm/wp-content/uploads/obiwezy-assets/nexus_5_template-back.jpg",,
"Apple iPhone 4 16GB","Black","Iphone 4",,"32,000","20,000","15,000",,"Apple","3.4 inches","phone","Accelerometer, gyro, proximity, compass","http://obiweezy.vm/wp-content/uploads/obiwezy-assets/nexus_5_template-front.jpg","http://obiweezy.vm/wp-content/uploads/obiwezy-assets/nexus_5_template-back.jpg",,
"Apple iPhone 4 32GB","Black","Iphone 4",,"40,500","23,000","16,000",,"Apple","3.4 inches","phone","Accelerometer, gyro, proximity, compass","http://obiweezy.vm/wp-content/uploads/obiwezy-assets/nexus_5_template-front.jpg","http://obiweezy.vm/wp-content/uploads/obiwezy-assets/nexus_5_template-back.jpg",,
"Apple iPhone 4 64GB","Black","Iphone 4",,,"26,000","17,000",,"Apple","3.4 inches","phone","Accelerometer, gyro, proximity, compass","http://obiweezy.vm/wp-content/uploads/obiwezy-assets/nexus_5_template-front.jpg","http://obiweezy.vm/wp-content/uploads/obiwezy-assets/nexus_5_template-back.jpg",,
"Apple iPhone 4S 16GB","Black","Iphone 4s",,"40,000","30,000","25,000",,"Apple","3.5 inches","phone","Accelerometer, gyro, proximity, compass","http://obiweezy.vm/wp-content/uploads/obiwezy-assets/nexus_5_template-front.jpg","http://obiweezy.vm/wp-content/uploads/obiwezy-assets/nexus_5_template-back.jpg",,
"Apple iPhone 4S 32GB","Black","Iphone 4s",,"44,000","33,000","26,000",,"Apple","3.5 inches","phone","Accelerometer, gyro, proximity, compass","http://obiweezy.vm/wp-content/uploads/obiwezy-assets/nexus_5_template-front.jpg","http://obiweezy.vm/wp-content/uploads/obiwezy-assets/nexus_5_template-back.jpg",,
"Apple iPhone 4S 64GB","Black","Iphone 4s",,"48,000","46,000","28,000",,"Apple","3.5 inches","phone","Accelerometer, gyro, proximity, compass","http://obiweezy.vm/wp-content/uploads/obiwezy-assets/nexus_5_template-front.jpg","http://obiweezy.vm/wp-content/uploads/obiwezy-assets/nexus_5_template-back.jpg",,
"Apple iPhone 5 16GB","Black","Iphone 5",,"63,000","50,000","40,000",,"Apple","4.0 inches","phone","Accelerometer, gyro, proximity, compass","http://obiweezy.vm/wp-content/uploads/obiwezy-assets/nexus_5_template-front.jpg","http://obiweezy.vm/wp-content/uploads/obiwezy-assets/nexus_5_template-back.jpg",,
"Apple iPhone 5 32GB","Black","Iphone 5",,"68,000","53,000","43,000",,"Apple","4.0 inches","phone","Accelerometer, gyro, proximity, compass","http://obiweezy.vm/wp-content/uploads/obiwezy-assets/nexus_5_template-front.jpg","http://obiweezy.vm/wp-content/uploads/obiwezy-assets/nexus_5_template-back.jpg",,
"Apple iPhone 5 64GB","Black","Iphone 5",,"72,000","56,000","46,000",,"Apple","4.0 inches","phone","Accelerometer, gyro, proximity, compass","http://obiweezy.vm/wp-content/uploads/obiwezy-assets/nexus_5_template-front.jpg","http://obiweezy.vm/wp-content/uploads/obiwezy-assets/nexus_5_template-back.jpg",,
"Apple iPhone 5S 16GB ","Black","Iphone 5s",,"85,000","70,000","60,000",,"Apple","4.0 inches","phone","Accelerometer, gyro, proximity, compass","http://obiweezy.vm/wp-content/uploads/obiwezy-assets/nexus_5_template-front.jpg","http://obiweezy.vm/wp-content/uploads/obiwezy-assets/nexus_5_template-back.jpg",,
"Apple iPhone 5S 16GB ","Gold","Iphone 5s",,,"75,000","63,000",,"Apple","4.0 inches","phone","Accelerometer, gyro, proximity, compass","http://obiweezy.vm/wp-content/uploads/obiwezy-assets/nexus_5_template-front.jpg","http://obiweezy.vm/wp-content/uploads/obiwezy-assets/nexus_5_template-back.jpg",,
"Apple iPhone 5S 32GB ","Space grey/Silver/Gold","Iphone 5s",,"90,000","77,000","66,000",,"Apple","4.0 inches","phone","Accelerometer, gyro, proximity, compass","http://obiweezy.vm/wp-content/uploads/obiwezy-assets/nexus_5_template-front.jpg","http://obiweezy.vm/wp-content/uploads/obiwezy-assets/nexus_5_template-back.jpg",,
"Apple iPhone 5s 64GB Space Grey / silver","Space grey/Silver","Iphone 5s",,"100,000","80,000","70,000",,"Apple","4.0 inches","phone","Accelerometer, gyro, proximity, compass","http://obiweezy.vm/wp-content/uploads/obiwezy-assets/nexus_5_template-front.jpg","http://obiweezy.vm/wp-content/uploads/obiwezy-assets/nexus_5_template-back.jpg",,
"Apple iPhone 5s 64GB  Gold","Gold","Iphone 5s",,,"84,000","73,000",,"Apple","4.0 inches","phone","Accelerometer, gyro, proximity, compass","http://obiweezy.vm/wp-content/uploads/obiwezy-assets/nexus_5_template-front.jpg","http://obiweezy.vm/wp-content/uploads/obiwezy-assets/nexus_5_template-back.jpg",,
"Apple iPhone 5c 16GB ","Black","Iphone 5c",,,"53,000","43,000",,"Apple","4.0 inches","phone","Accelerometer, gyro, proximity, compass","http://obiweezy.vm/wp-content/uploads/obiwezy-assets/nexus_5_template-front.jpg","http://obiweezy.vm/wp-content/uploads/obiwezy-assets/nexus_5_template-back.jpg",,
"Apple iPhone 5C 32GB ","Black","Iphone 5c",,,"56,000","46,000",,"Apple","4.0 inches","phone","Accelerometer, gyro, proximity, compass","http://obiweezy.vm/wp-content/uploads/obiwezy-assets/nexus_5_template-front.jpg","http://obiweezy.vm/wp-content/uploads/obiwezy-assets/nexus_5_template-back.jpg",,
"Apple iPhone 5C 64GB ","Black","Iphone 5c",,,"59,000","49,000",,"Apple","4.0 inches","phone","Accelerometer, gyro, proximity, compass","http://obiweezy.vm/wp-content/uploads/obiwezy-assets/nexus_5_template-front.jpg","http://obiweezy.vm/wp-content/uploads/obiwezy-assets/nexus_5_template-back.jpg",,
"Apple iPhone 6 16GB ","Black","Iphone 6",,,"105,000","100,000",,"Apple","4.7 inches","phone","Accelerometer, gyro, proximity, compass","http://obiweezy.vm/wp-content/uploads/obiwezy-assets/nexus_5_template-front.jpg","http://obiweezy.vm/wp-content/uploads/obiwezy-assets/nexus_5_template-back.jpg",,
"Apple iPhone 6 128GB ","Black","Iphone 6",,,"115,000","110,000",,"Apple","4.7 inches","phone","Accelerometer, gyro, proximity, compass","http://obiweezy.vm/wp-content/uploads/obiwezy-assets/nexus_5_template-front.jpg","http://obiweezy.vm/wp-content/uploads/obiwezy-assets/nexus_5_template-back.jpg",,
"Apple iPad Mini 2 16GB","Black","Ipad mini 2",,,"65,000","55,000",,"Apple","7.9 inches","Tablet","Accelerometer, gyro, compass","http://obiweezy.vm/wp-content/uploads/obiwezy-assets/nexus_5_template-front.jpg","http://obiweezy.vm/wp-content/uploads/obiwezy-assets/nexus_5_template-back.jpg",,
"Apple iPad Mini 2 32GB","Black","Ipad mini 2",,,"70,000","60,000",,"Apple","7.9 inches","Tablet","Accelerometer, gyro, compass","http://obiweezy.vm/wp-content/uploads/obiwezy-assets/nexus_5_template-front.jpg","http://obiweezy.vm/wp-content/uploads/obiwezy-assets/nexus_5_template-back.jpg",,
"Apple iPad Mini 2 64GB","Black","Ipad mini 2",,,"75,000","65,000",,"Apple","7.9 inches","Tablet","Accelerometer, gyro, compass","http://obiweezy.vm/wp-content/uploads/obiwezy-assets/nexus_5_template-front.jpg","http://obiweezy.vm/wp-content/uploads/obiwezy-assets/nexus_5_template-back.jpg",,
"Apple iPad Mini 2 128GB","Black","Ipad mini 2",,,"80,000","70,000",,"Apple","7.9 inches","Tablet","Accelerometer, gyro, compass","http://obiweezy.vm/wp-content/uploads/obiwezy-assets/nexus_5_template-front.jpg","http://obiweezy.vm/wp-content/uploads/obiwezy-assets/nexus_5_template-back.jpg",,
"Apple iPad Air 16GB","Black","Ipad Air",,,"75,000","65,000",,"Apple","9.7 inches","Tablet","Accelerometer, gyro, compass","http://obiweezy.vm/wp-content/uploads/obiwezy-assets/nexus_5_template-front.jpg","http://obiweezy.vm/wp-content/uploads/obiwezy-assets/nexus_5_template-back.jpg",,
"Apple iPad Air 32GB","Black","Ipad Air",,,"80,000","70,000",,"Apple","9.7 inches","Tablet","Accelerometer, gyro, compass","http://obiweezy.vm/wp-content/uploads/obiwezy-assets/nexus_5_template-front.jpg","http://obiweezy.vm/wp-content/uploads/obiwezy-assets/nexus_5_template-back.jpg",,
"Apple iPad Air 64GB","Black","Ipad Air",,"103,000","85,000","75,000",,"Apple","9.7 inches","Tablet","Accelerometer, gyro, compass","http://obiweezy.vm/wp-content/uploads/obiwezy-assets/nexus_5_template-front.jpg","http://obiweezy.vm/wp-content/uploads/obiwezy-assets/nexus_5_template-back.jpg",,
"Apple iPad Air 128GB","Black","Ipad air",,,"90,000","80,000",,"Apple","9.7 inches","Tablet","Accelerometer, gyro, compass","http://obiweezy.vm/wp-content/uploads/obiwezy-assets/nexus_5_template-front.jpg","http://obiweezy.vm/wp-content/uploads/obiwezy-assets/nexus_5_template-back.jpg",,
"Apple iPad 4 16GB","Black","Ipad 4",,,"55,000","50,000",,"Apple","9.7 inches","Tablet","Accelerometer, gyro, compass","http://obiweezy.vm/wp-content/uploads/obiwezy-assets/nexus_5_template-front.jpg","http://obiweezy.vm/wp-content/uploads/obiwezy-assets/nexus_5_template-back.jpg",,
"Apple iPad 4 32GB","Black","Ipad 4",,"68,000","58,000","52,000",,"Apple","9.7 inches","Tablet","Accelerometer, gyro, compass","http://obiweezy.vm/wp-content/uploads/obiwezy-assets/nexus_5_template-front.jpg","http://obiweezy.vm/wp-content/uploads/obiwezy-assets/nexus_5_template-back.jpg",,
"Apple iPad 4 64GB","Black","Ipad 4",,,"62,000","54,000",,"Apple","9.7 inches","Tablet","Accelerometer, gyro, compass","http://obiweezy.vm/wp-content/uploads/obiwezy-assets/nexus_5_template-front.jpg","http://obiweezy.vm/wp-content/uploads/obiwezy-assets/nexus_5_template-back.jpg",,
"Apple iPad 4 128GB","Black","Ipad 4",,"82,000","66,000","57,000",,"Apple","9.7 inches","Tablet","Accelerometer, gyro, compass","http://obiweezy.vm/wp-content/uploads/obiwezy-assets/nexus_5_template-front.jpg","http://obiweezy.vm/wp-content/uploads/obiwezy-assets/nexus_5_template-back.jpg",,
"Apple iPad 3 16GB","Black","Ipad 3",,,"40,000","35,000",,"Apple","9.7 inches","Tablet","Accelerometer, gyro, compass","http://obiweezy.vm/wp-content/uploads/obiwezy-assets/nexus_5_template-front.jpg","http://obiweezy.vm/wp-content/uploads/obiwezy-assets/nexus_5_template-back.jpg",,
"Apple iPad 3 32GB","Black","Ipad 3",,,"43,000","37,000",,"Apple","9.7 inches","Tablet","Accelerometer, gyro, compass","http://obiweezy.vm/wp-content/uploads/obiwezy-assets/nexus_5_template-front.jpg","http://obiweezy.vm/wp-content/uploads/obiwezy-assets/nexus_5_template-back.jpg",,
"Apple iPad 3 64GB","Black","Ipad 3",,,"46,000","39,000",,"Apple","9.7 inches","Tablet","Accelerometer, gyro, compass","http://obiweezy.vm/wp-content/uploads/obiwezy-assets/nexus_5_template-front.jpg","http://obiweezy.vm/wp-content/uploads/obiwezy-assets/nexus_5_template-back.jpg",,
"Apple iPad Mini 16GB","Black","Ipad Mini ",,,"38,000","35,000",,"Apple","7.9 inches","Tablet","Accelerometer, gyro, compass","http://obiweezy.vm/wp-content/uploads/obiwezy-assets/nexus_5_template-front.jpg","http://obiweezy.vm/wp-content/uploads/obiwezy-assets/nexus_5_template-back.jpg",,
"Apple iPad Mini 32GB","Black","Ipad Mini",,,"41,000","38,000",,"Apple","7.9 inches","Tablet","Accelerometer, gyro, compass","http://obiweezy.vm/wp-content/uploads/obiwezy-assets/nexus_5_template-front.jpg","http://obiweezy.vm/wp-content/uploads/obiwezy-assets/nexus_5_template-back.jpg",,
"Apple iPad Mini 64GB","Black","Ipad Mini",,,"45,000","41,000",,"Apple","7.9 inches","Tablet","Accelerometer, gyro, compass","http://obiweezy.vm/wp-content/uploads/obiwezy-assets/nexus_5_template-front.jpg","http://obiweezy.vm/wp-content/uploads/obiwezy-assets/nexus_5_template-back.jpg",,
"Sony Xperia C ","Black","Xperia C",,,"45,000",40000,,"Sony","5.0 inches","phone","Accelerometer, proximity, compass","http://obiweezy.vm/wp-content/uploads/obiwezy-assets/nexus_5_template-front.jpg","http://obiweezy.vm/wp-content/uploads/obiwezy-assets/nexus_5_template-back.jpg",,
"Sony Xperia Z2","Black","Xperia Z2",,"80,000","47,000",43000,,"Sony","5.2 inches","phone","Accelerometer, gyro, proximity, compass, baromete","http://obiweezy.vm/wp-content/uploads/obiwezy-assets/nexus_5_template-front.jpg","http://obiweezy.vm/wp-content/uploads/obiwezy-assets/nexus_5_template-back.jpg",,
"Sony Xperia T2","Black","Xperia T2",,,"65,000",60000,,"Sony","6.0 inches","phablet","Accelerometer, gyro, proximity, compass","http://obiweezy.vm/wp-content/uploads/obiwezy-assets/nexus_5_template-front.jpg","http://obiweezy.vm/wp-content/uploads/obiwezy-assets/nexus_5_template-back.jpg",,
"Sony Xperia Z2 Tab","Black","Xperia Z2 Tab",,,"70,000","65,000",,"Sony","10.1 inches","Tablet","Accelerometer, gyro, compass","http://obiweezy.vm/wp-content/uploads/obiwezy-assets/nexus_5_template-front.jpg","http://obiweezy.vm/wp-content/uploads/obiwezy-assets/nexus_5_template-back.jpg",,
"Sony Xperia M","Black","Xperia M",,"23,500","30,000","25,000",,"Sony","4.0 inches","phone","Accelerometer, proximity, compass","http://obiweezy.vm/wp-content/uploads/obiwezy-assets/nexus_5_template-front.jpg","http://obiweezy.vm/wp-content/uploads/obiwezy-assets/nexus_5_template-back.jpg",,
"Sony Xperia M2","Black","Xperia M2",,,"22,000","18,000",,"Sony","4.8 inches","phone","Accelerometer, proximity, compass","http://obiweezy.vm/wp-content/uploads/obiwezy-assets/nexus_5_template-front.jpg","http://obiweezy.vm/wp-content/uploads/obiwezy-assets/nexus_5_template-back.jpg",,
"Sony Xperia L","Black","Xperia L",,,"35,000","30,000",,"Sony","4.3 inches","phone","Accelerometer, proximity, compass","http://obiweezy.vm/wp-content/uploads/obiwezy-assets/nexus_5_template-front.jpg","http://obiweezy.vm/wp-content/uploads/obiwezy-assets/nexus_5_template-back.jpg",,
"Sony Xperia T","Black","Xperia 2",,,"60,000","55,000",,"Sony","4.55 inches","phone",,"http://obiweezy.vm/wp-content/uploads/obiwezy-assets/nexus_5_template-front.jpg","http://obiweezy.vm/wp-content/uploads/obiwezy-assets/nexus_5_template-back.jpg",,
"Sony Xperia E Dual ","Black","Xperia E Dual",,,"25,000","20,000",,"Sony","3.5 inches","phone","Accelerometer, proximity","http://obiweezy.vm/wp-content/uploads/obiwezy-assets/nexus_5_template-front.jpg","http://obiweezy.vm/wp-content/uploads/obiwezy-assets/nexus_5_template-back.jpg",,
"Sony Xperia J","Black","Xperia J",,,"20,000","17,000",,"Sony","4.0 inches","phone","Accelerometer, proximity, compass","http://obiweezy.vm/wp-content/uploads/obiwezy-assets/nexus_5_template-front.jpg","http://obiweezy.vm/wp-content/uploads/obiwezy-assets/nexus_5_template-back.jpg",,
"Sony Xperia P","Black","Xperia P",,,"38,000","30,000",,"Sony","4.0 inches","phone","Accelerometer, gyro, proximity, compass","http://obiweezy.vm/wp-content/uploads/obiwezy-assets/nexus_5_template-front.jpg","http://obiweezy.vm/wp-content/uploads/obiwezy-assets/nexus_5_template-back.jpg",,
"Sony Xperia U","Black","Xperia U",,,"45,000","40,000",,"Sony","3.5 inches","phone","Accelerometer, proximity, compass","http://obiweezy.vm/wp-content/uploads/obiwezy-assets/nexus_5_template-front.jpg","http://obiweezy.vm/wp-content/uploads/obiwezy-assets/nexus_5_template-back.jpg",,
"Sony Xperia ZL","Black","Xperia ZL",,,"20,000","17,000",,"Sony","5.0 inches","phone","Accelerometer, gyro, proximity, compass, barometer (C6502 only)","http://obiweezy.vm/wp-content/uploads/obiwezy-assets/nexus_5_template-front.jpg","http://obiweezy.vm/wp-content/uploads/obiwezy-assets/nexus_5_template-back.jpg",,
"Sony Xperia Z1 Compact","Black","Xperia Z1 Compact",,,"40,000","30,000",,"Sony","5.0 inches","phone","Accelerometer, gyro, proximity, compass","http://obiweezy.vm/wp-content/uploads/obiwezy-assets/nexus_5_template-front.jpg","http://obiweezy.vm/wp-content/uploads/obiwezy-assets/nexus_5_template-back.jpg",,
"Sony Xperia Z","Black","Xperia Z",,"43,500","40,000","30,000",,"Sony","5.0 inches","phone","Accelerometer, gyro, proximity, compass","http://obiweezy.vm/wp-content/uploads/obiwezy-assets/nexus_5_template-front.jpg","http://obiweezy.vm/wp-content/uploads/obiwezy-assets/nexus_5_template-back.jpg",,
"Sony Xperia Z Ultra","Black","Xperia Z Ultra",,,"55,000","49,000",,"Sony","6.4 inches","phablet","Accelerometer, gyro, proximity, compass","http://obiweezy.vm/wp-content/uploads/obiwezy-assets/nexus_5_template-front.jpg","http://obiweezy.vm/wp-content/uploads/obiwezy-assets/nexus_5_template-back.jpg",,
"Sony Xperia TX","Black","Xperia TX",,,"28,000","22,000",,"Sony","4.55 inches","phone","Accelerometer, gyro, proximity, compass","http://obiweezy.vm/wp-content/uploads/obiwezy-assets/nexus_5_template-front.jpg","http://obiweezy.vm/wp-content/uploads/obiwezy-assets/nexus_5_template-back.jpg",,
"Sony Xperia SP","Black","Xperia SP",,,"35,000","30,000",,"Sony","4.66 inches","phone","Accelerometer, gyro, proximity, compass","http://obiweezy.vm/wp-content/uploads/obiwezy-assets/nexus_5_template-front.jpg","http://obiweezy.vm/wp-content/uploads/obiwezy-assets/nexus_5_template-back.jpg",,
"Sony Xperia Z1","Black","Xperia Z1 ",,"62,000","50,000","45,000",,"Sony","5.0 inches","phone","Accelerometer, gyro, proximity, compass","http://obiweezy.vm/wp-content/uploads/obiwezy-assets/nexus_5_template-front.jpg","http://obiweezy.vm/wp-content/uploads/obiwezy-assets/nexus_5_template-back.jpg",,
"Samsung Galaxy Tab 2 10.1""","Black","Tab 2 10.1""",,"38,000",,,,"Samsung","10.1 inches","Tablet","Accelerometer, gyro, compass","http://obiweezy.vm/wp-content/uploads/obiwezy-assets/nexus_5_template-front.jpg","http://obiweezy.vm/wp-content/uploads/obiwezy-assets/nexus_5_template-back.jpg",,
"Samsung Galaxy Tab 3 7.0"" SM-T211","Black","Tab 3 7.0"" SM-T211",,,"23,000","20,000",,"Samsung","7.0 inches","Tablet","Accelerometer, gyro, proximity, compass","http://obiweezy.vm/wp-content/uploads/obiwezy-assets/nexus_5_template-front.jpg","http://obiweezy.vm/wp-content/uploads/obiwezy-assets/nexus_5_template-back.jpg",,
"Samsung Galaxy Tab S 10.5” LTE 16GB - 103,500 with pouch","Black","Tab S 10.5 LTE",,,,,,"Samsung","10.5 inches","Tablet","Accelerometer, gyro, compass","http://obiweezy.vm/wp-content/uploads/obiwezy-assets/nexus_5_template-front.jpg","http://obiweezy.vm/wp-content/uploads/obiwezy-assets/nexus_5_template-back.jpg",,
"Samsung Galaxy Tab S 10.5” LTE 16GB ","Black","Tab S 10.5 LTE",,,"75,000","65,000",,"Samsung","10.5 inches","Tablet","Accelerometer, gyro, compass","http://obiweezy.vm/wp-content/uploads/obiwezy-assets/nexus_5_template-front.jpg","http://obiweezy.vm/wp-content/uploads/obiwezy-assets/nexus_5_template-back.jpg",,
"Samsung Galaxy Tab 2 7.0 P3100","Black","Tab 2 7.0""",,,"20,000","15,000",,"Samsung","7.0 inches","Tablet","Accelerometer, gyro, proximity, compass","http://obiweezy.vm/wp-content/uploads/obiwezy-assets/nexus_5_template-front.jpg","http://obiweezy.vm/wp-content/uploads/obiwezy-assets/nexus_5_template-back.jpg",,
"Samsung Galaxy Tab 4 7.0"" SM-T235","Black","Tab 4 7.0"" SM-T235",,,"28,000","23,000",,"Samsung","7.0 inches","Tablet","Accelerometer","http://obiweezy.vm/wp-content/uploads/obiwezy-assets/nexus_5_template-front.jpg","http://obiweezy.vm/wp-content/uploads/obiwezy-assets/nexus_5_template-back.jpg",,
"Samsung Galaxy Note 10.1"" 2014 Edition SM-P601 16GB","Black","Note 10.1 2014 Edition SM-P601",,,"60,000","55,000",,"Samsung","10.1 inches","Tablet","Accelerometer, gyro, proximity, compass","http://obiweezy.vm/wp-content/uploads/obiwezy-assets/nexus_5_template-front.jpg","http://obiweezy.vm/wp-content/uploads/obiwezy-assets/nexus_5_template-back.jpg",,
"Samsung Galaxy S4 ","Black",19500,,,"40,000","30,000",,"Samsung","5.0 inches","phone","Accelerometer, gyro, proximity, compass","http://obiweezy.vm/wp-content/uploads/obiwezy-assets/nexus_5_template-front.jpg","http://obiweezy.vm/wp-content/uploads/obiwezy-assets/nexus_5_template-back.jpg",,
"Samsung Galaxy Note 3 ","Black","N9000",,,"60,000","50,000",,"Samsung","5.7 inches","phone","Accelerometer, gyro, proximity, compass, barometer, temperature, humidity, gesture","http://obiweezy.vm/wp-content/uploads/obiwezy-assets/nexus_5_template-front.jpg","http://obiweezy.vm/wp-content/uploads/obiwezy-assets/nexus_5_template-back.jpg",,
"Samsung Galaxy S4 ","Black",19505,,"48,000","40,000","30,000",,"Samsung","5.0 inches","phone","Accelerometer, gyro, proximity, compass, barometer, temperature, humidity, gesture","http://obiweezy.vm/wp-content/uploads/obiwezy-assets/nexus_5_template-front.jpg","http://obiweezy.vm/wp-content/uploads/obiwezy-assets/nexus_5_template-back.jpg",,
"Samsung Galaxy S3 ","Black",19300,,"33,000","25,000","18,000",,"Samsung","4.8 inches","phone","Accelerometer, gyro, proximity, compass, barometer","http://obiweezy.vm/wp-content/uploads/obiwezy-assets/nexus_5_template-front.jpg","http://obiweezy.vm/wp-content/uploads/obiwezy-assets/nexus_5_template-back.jpg",,
"Samsung Galaxy S5 mini Duos","Black",,,,"45,000","40,000",,"Samsung","4.5 inches","phone",,"http://obiweezy.vm/wp-content/uploads/obiwezy-assets/nexus_5_template-front.jpg","http://obiweezy.vm/wp-content/uploads/obiwezy-assets/nexus_5_template-back.jpg",,
"Samsung  Galaxy S4 mini","Black","I9190",,"30,500","30,000","25,000",,"Samsung","4.3 inches","phone","Accelerometer, gyro, proximity, compass","http://obiweezy.vm/wp-content/uploads/obiwezy-assets/nexus_5_template-front.jpg","http://obiweezy.vm/wp-content/uploads/obiwezy-assets/nexus_5_template-back.jpg",,
"Samsung Galaxy Grand ","Black","I9082",,,"25,000","20,000",,"Samsung","5.0 inches","phone","Accelerometer, gyro, proximity, compass","http://obiweezy.vm/wp-content/uploads/obiwezy-assets/nexus_5_template-front.jpg","http://obiweezy.vm/wp-content/uploads/obiwezy-assets/nexus_5_template-back.jpg",,
"Samsung Galaxy Grand 2 ","Black","G7102",,,"28,000","22,000",,"Samsung","5.25 inches","phone","Accelerometer, proximity, compass","http://obiweezy.vm/wp-content/uploads/obiwezy-assets/nexus_5_template-front.jpg","http://obiweezy.vm/wp-content/uploads/obiwezy-assets/nexus_5_template-back.jpg",,
"Samsung Galaxy S4 zoom ","Black","SM-C101,SM-C1010",,,"35,000","30,000",,"Samsung","4.3 inches","phone","Accelerometer, gyro, proximity, compass","http://obiweezy.vm/wp-content/uploads/obiwezy-assets/nexus_5_template-front.jpg","http://obiweezy.vm/wp-content/uploads/obiwezy-assets/nexus_5_template-back.jpg",,
"Samsung Galaxy Gear","Black","Gear",,,"18,000","15,000",,"Samsung","1.63 Amoled","Smart watch","Accelerometer, gyro, proximity, compass, heart rate, barometer, UV light","http://obiweezy.vm/wp-content/uploads/obiwezy-assets/nexus_5_template-front.jpg","http://obiweezy.vm/wp-content/uploads/obiwezy-assets/nexus_5_template-back.jpg",,
"Samsung Galaxy Mega 6.3 ","Black","I9200",,,"40,000","35,000",,"Samsung","6.3 inches","phone","Accelerometer, gyro, proximity, compass","http://obiweezy.vm/wp-content/uploads/obiwezy-assets/nexus_5_template-front.jpg","http://obiweezy.vm/wp-content/uploads/obiwezy-assets/nexus_5_template-back.jpg",,
"Samsung Galaxy Mega 5.8""","Black","Mega 5.8",,"32,000","35,000","30,000",,"Samsung","5.8 inches","phone","Accelerometer, gyro, proximity, compass","http://obiweezy.vm/wp-content/uploads/obiwezy-assets/nexus_5_template-front.jpg","http://obiweezy.vm/wp-content/uploads/obiwezy-assets/nexus_5_template-back.jpg",,
"Samsung Galaxy Note 3 Neo Duos","Black","Note 3 Neo Duos",,,"45,000","40,000",,"Samsung","5.5 inches","phone","Accelerometer, gyro, proximity, compass","http://obiweezy.vm/wp-content/uploads/obiwezy-assets/nexus_5_template-front.jpg","http://obiweezy.vm/wp-content/uploads/obiwezy-assets/nexus_5_template-back.jpg",,
"Samsung Galaxy Core ","Black","Core 18260",,,"20,000","15,000",,"Samsung","4.3 inches","phone","Accelerometer, proximity, compass","http://obiweezy.vm/wp-content/uploads/obiwezy-assets/nexus_5_template-front.jpg","http://obiweezy.vm/wp-content/uploads/obiwezy-assets/nexus_5_template-back.jpg",,
"Samsung Galaxy Tab 3 10.1"" ","Black","Tab 3 10.1"" P5200",,,"45,000","40,000",,"Samsung","3.5 inches","phone","Accelerometer, compass","http://obiweezy.vm/wp-content/uploads/obiwezy-assets/nexus_5_template-front.jpg","http://obiweezy.vm/wp-content/uploads/obiwezy-assets/nexus_5_template-back.jpg",,
"Samsung Galaxy Golden ","Black","Golden I9230",,,"80,000","70,000",,"Samsung","3.5 inches","phone","Accelerometer, gyro, proximity, compass","http://obiweezy.vm/wp-content/uploads/obiwezy-assets/nexus_5_template-front.jpg","http://obiweezy.vm/wp-content/uploads/obiwezy-assets/nexus_5_template-back.jpg",,
"Samsung Galaxy S3 Neo ","Black","Neo I9300I",,,"28,000","20,000",,"Samsung","4.8 inches","phone","Accelerometer, gyro, proximity, compass","http://obiweezy.vm/wp-content/uploads/obiwezy-assets/nexus_5_template-front.jpg","http://obiweezy.vm/wp-content/uploads/obiwezy-assets/nexus_5_template-back.jpg",,
"Samsung Galaxy S Duos 2 ","Black","S Duos S7582",,,"12,000","8,000",,"Samsung","4.0 inches","phone","Accelerometer, proximity, compass","http://obiweezy.vm/wp-content/uploads/obiwezy-assets/nexus_5_template-front.jpg","http://obiweezy.vm/wp-content/uploads/obiwezy-assets/nexus_5_template-back.jpg",,
"Samsung Galaxy S5 ","Black","SM-G900F / SM-G900A / SM-G900M / SM-G900T",,"75,000","65,000","60,000",,"Samsung","5.1 inches","phone","Accelerometer, proximity, compass","http://obiweezy.vm/wp-content/uploads/obiwezy-assets/nexus_5_template-front.jpg","http://obiweezy.vm/wp-content/uploads/obiwezy-assets/nexus_5_template-back.jpg",,
"Samsung Galaxy Note Pro ","Black","SM-P901 12.2 3G",,,"75,000","70,000",,"Samsung","12.2 inches","Tablet","Accelerometer, gyro, compass","http://obiweezy.vm/wp-content/uploads/obiwezy-assets/nexus_5_template-front.jpg","http://obiweezy.vm/wp-content/uploads/obiwezy-assets/nexus_5_template-back.jpg",,
"Samsung Galaxy Core II Dual SIM","Black"," SM-G355H",,,"18,000","12,000",,"Samsung","4.5 inches","phone","Accelerometer","http://obiweezy.vm/wp-content/uploads/obiwezy-assets/nexus_5_template-front.jpg","http://obiweezy.vm/wp-content/uploads/obiwezy-assets/nexus_5_template-back.jpg",,
"Samsung Ch@t E222 Plus","Black","Ch@t E222 Plus",,,"2,000","No Deal",,"Samsung","2.2 inches","phone","FM radio","http://obiweezy.vm/wp-content/uploads/obiwezy-assets/nexus_5_template-front.jpg","http://obiweezy.vm/wp-content/uploads/obiwezy-assets/nexus_5_template-back.jpg",,
"Samsung Galaxy Tab 3 for kids","Black","Tab 3 for kids",,,"30,000","25,000",,"Samsung","7.0 inches","Tablet","a child-optimized version of Samsung's budget tablet of the same name ","http://obiweezy.vm/wp-content/uploads/obiwezy-assets/nexus_5_template-front.jpg","http://obiweezy.vm/wp-content/uploads/obiwezy-assets/nexus_5_template-back.jpg",,
"Samsung Gear Fit","Black","Gear Fit",,"20,500","23,000","18,000",,"Samsung","1.84 inches","Smart watch","Customizable themes,Changeable bands","http://obiweezy.vm/wp-content/uploads/obiwezy-assets/nexus_5_template-front.jpg","http://obiweezy.vm/wp-content/uploads/obiwezy-assets/nexus_5_template-back.jpg",,
"Samsung Gear 2","Black","Gear 2",,,"30,000","20,000",,"Samsung","1.63 inches","Smart watch","Changeable Straps,Customizable themes,Instant notifications","http://obiweezy.vm/wp-content/uploads/obiwezy-assets/nexus_5_template-front.jpg","http://obiweezy.vm/wp-content/uploads/obiwezy-assets/nexus_5_template-back.jpg",,
"Samsung Galaxy Note ","Black","Note N7000",,"27,000","20,000","15,000",,"Samsung","5.3 inches","phone","Geo-tagging, touch focus, face/smile detection","http://obiweezy.vm/wp-content/uploads/obiwezy-assets/nexus_5_template-front.jpg","http://obiweezy.vm/wp-content/uploads/obiwezy-assets/nexus_5_template-back.jpg",,
"Samsung Galaxy Tab 4 10.1"" ","Black","Tab 4 10.1"" SM-T531",,,"48,000","40,000",,"Samsung","10.1 inches ","Tablet","Geo-tagging","http://obiweezy.vm/wp-content/uploads/obiwezy-assets/nexus_5_template-front.jpg","http://obiweezy.vm/wp-content/uploads/obiwezy-assets/nexus_5_template-back.jpg",,
"Samsung Galaxy Trend Lite ","Black"," Trend Lite S7390",,,"8,000","No Deal",,"Samsung","4.0 inches","phone","Accelerometer, proximity, compass","http://obiweezy.vm/wp-content/uploads/obiwezy-assets/nexus_5_template-front.jpg","http://obiweezy.vm/wp-content/uploads/obiwezy-assets/nexus_5_template-back.jpg",,
"Samsung Galaxy S5 Duos","Black","S5 Duos",,,"65,000","60,000",,"Samsung","5.1 inches","phone","Accelerometer, gyro, proximity, compass, barometer, gesture, heart rate","http://obiweezy.vm/wp-content/uploads/obiwezy-assets/nexus_5_template-front.jpg","http://obiweezy.vm/wp-content/uploads/obiwezy-assets/nexus_5_template-back.jpg",,
"Samsung Galaxy Star ","Black","Star S5280",,,"3,000","No Deal",,"Samsung","3.0 inches","phone","Accelerometer","http://obiweezy.vm/wp-content/uploads/obiwezy-assets/nexus_5_template-front.jpg","http://obiweezy.vm/wp-content/uploads/obiwezy-assets/nexus_5_template-back.jpg",,
"Samsung P6200 Galaxy Tab 7.0 Plus","Black","P6200 Galaxy Tab 7.0 Plus",,,"30,000","20,000",,"Samsung","7.0 inches","Tablet","Accelerometer, gyro, proximity, compass","http://obiweezy.vm/wp-content/uploads/obiwezy-assets/nexus_5_template-front.jpg","http://obiweezy.vm/wp-content/uploads/obiwezy-assets/nexus_5_template-back.jpg",,
"Samsung Galaxy Ace 4","Black"," Ace 4",,,"9,000","3,000",,"Samsung","4.0 inches","phone","Accelerometer","http://obiweezy.vm/wp-content/uploads/obiwezy-assets/nexus_5_template-front.jpg","http://obiweezy.vm/wp-content/uploads/obiwezy-assets/nexus_5_template-back.jpg",,
"Samsung Galaxy Note 3  ","Black","Note 3  N9000 / N9002 / N9005 ",,,"60,000","50,000",,"Samsung","5.7 inches","Phablet","Accelerometer, gyro, proximity, compass, barometer, temperature, humidity, gesture","http://obiweezy.vm/wp-content/uploads/obiwezy-assets/nexus_5_template-front.jpg","http://obiweezy.vm/wp-content/uploads/obiwezy-assets/nexus_5_template-back.jpg",,
"Samsung Galaxy Ace 3 3G","Black"," Ace 3 3G GT-S7270 /  GT-S7275 / GT-S7272",,,"8,000","3,000",,"Samsung","4.0 inches","phone","Accelerometer, proximity, compass","http://obiweezy.vm/wp-content/uploads/obiwezy-assets/nexus_5_template-front.jpg","http://obiweezy.vm/wp-content/uploads/obiwezy-assets/nexus_5_template-back.jpg",,
"Samsung Galaxy K Zoom ","Black","K Zoom ",,,"55,000","50,000",,"Samsung","4.8 inches","phone","Accelerometer, gyro, proximity, compass","http://obiweezy.vm/wp-content/uploads/obiwezy-assets/nexus_5_template-front.jpg","http://obiweezy.vm/wp-content/uploads/obiwezy-assets/nexus_5_template-back.jpg",,
"samsung Galaxy Trend","Black","Trend",,,"7,000","No Deal",,"Samsung","4.0 inches","phone","Accelerometer","http://obiweezy.vm/wp-content/uploads/obiwezy-assets/nexus_5_template-front.jpg","http://obiweezy.vm/wp-content/uploads/obiwezy-assets/nexus_5_template-back.jpg",,
"HTC One Mini 2","Black"," One Mini 2",,,"45,000",40000,,"Htc","4.5 inches","phone","Accelerometer, proximity, compass","http://obiweezy.vm/wp-content/uploads/obiwezy-assets/nexus_5_template-front.jpg","http://obiweezy.vm/wp-content/uploads/obiwezy-assets/nexus_5_template-back.jpg",,
"HTC One Mini 2 ","Gold","One Mini 2 ",,,"47,000",43000,,"Htc","4.5 inches","phone","Accelerometer, proximity, compass","http://obiweezy.vm/wp-content/uploads/obiwezy-assets/nexus_5_template-front.jpg","http://obiweezy.vm/wp-content/uploads/obiwezy-assets/nexus_5_template-back.jpg",,
"HTC One M8 gold ","Gold","One M8 ",,,"65,000",60000,,"Htc","5.0 inches","phone","Accelerometer, gyro, proximity, compass, barometer","http://obiweezy.vm/wp-content/uploads/obiwezy-assets/nexus_5_template-front.jpg","http://obiweezy.vm/wp-content/uploads/obiwezy-assets/nexus_5_template-back.jpg",,
"HTC M8 Dual","Black"," M8 Dual",,,"70,000","65,000",,"Htc","5.0 inches","phone","Accelerometer, gyro, proximity, compass, barometer","http://obiweezy.vm/wp-content/uploads/obiwezy-assets/nexus_5_template-front.jpg","http://obiweezy.vm/wp-content/uploads/obiwezy-assets/nexus_5_template-back.jpg",,
"HTC One XL","Black","One XL",,,"30,000","25,000",,"Htc","4.7 inches","phone","Accelerometer, gyro, proximity, compass","http://obiweezy.vm/wp-content/uploads/obiwezy-assets/nexus_5_template-front.jpg","http://obiweezy.vm/wp-content/uploads/obiwezy-assets/nexus_5_template-back.jpg",,
"HTC Desire 500 ","Black"," Desire 500 ",,,"22,000","18,000",,"Htc","4.3 inches","phone","Accelerometer, proximity","http://obiweezy.vm/wp-content/uploads/obiwezy-assets/nexus_5_template-front.jpg","http://obiweezy.vm/wp-content/uploads/obiwezy-assets/nexus_5_template-back.jpg",,
"HTC One Mini","Black","One Mini",,"42,000","35,000","30,000",,"Htc","4.3 inches","phone","Accelerometer, gyro, proximity, compass","http://obiweezy.vm/wp-content/uploads/obiwezy-assets/nexus_5_template-front.jpg","http://obiweezy.vm/wp-content/uploads/obiwezy-assets/nexus_5_template-back.jpg",,
"HTC One M8 grey / silver"," grey / silver","One M8",,"73,000","60,000","55,000",,"Htc","5.0 inches","phone","Accelerometer, gyro, proximity, compass, barometer","http://obiweezy.vm/wp-content/uploads/obiwezy-assets/nexus_5_template-front.jpg","http://obiweezy.vm/wp-content/uploads/obiwezy-assets/nexus_5_template-back.jpg",,
"HTC Desire 610","Black","Desire 610",,,"25,000","20,000",,"Htc","4.7 inches","phone","Geo-tagging, touch focus, face detection, simultaneous HD video and image recording, HDR","http://obiweezy.vm/wp-content/uploads/obiwezy-assets/nexus_5_template-front.jpg","http://obiweezy.vm/wp-content/uploads/obiwezy-assets/nexus_5_template-back.jpg",,
"HTC One S","Black","One S",,,"20,000","17,000",,"Htc","4.3 inches","phone","Accelerometer, gyro, proximity, compass","http://obiweezy.vm/wp-content/uploads/obiwezy-assets/nexus_5_template-front.jpg","http://obiweezy.vm/wp-content/uploads/obiwezy-assets/nexus_5_template-back.jpg",,
"HTC Desire 700","Black"," Desire 700",,,"38,000","30,000",,"Htc","5.0 inches","phone","Accelerometer, proximity, compass","http://obiweezy.vm/wp-content/uploads/obiwezy-assets/nexus_5_template-front.jpg","http://obiweezy.vm/wp-content/uploads/obiwezy-assets/nexus_5_template-back.jpg",,
"HTC One E8 - Dual sim","Black","One E8 - Dual sim",,,"45,000","40,000",,"Htc","5.0 inches","phone","Accelerometer, gyro, proximity, compass, barometer","http://obiweezy.vm/wp-content/uploads/obiwezy-assets/nexus_5_template-front.jpg","http://obiweezy.vm/wp-content/uploads/obiwezy-assets/nexus_5_template-back.jpg",,
"HTC Desire SV","Black","Desire SV",,,"20,000","17,000",,"Htc","4.3 inches","phone","Accelerometer, proximit","http://obiweezy.vm/wp-content/uploads/obiwezy-assets/nexus_5_template-front.jpg","http://obiweezy.vm/wp-content/uploads/obiwezy-assets/nexus_5_template-back.jpg",,
"HTC One M7","Black","One M7",,,"40,000","30,000",,"Htc","4.7 inches","phone","Accelerometer, gyro, proximity, compass","http://obiweezy.vm/wp-content/uploads/obiwezy-assets/nexus_5_template-front.jpg","http://obiweezy.vm/wp-content/uploads/obiwezy-assets/nexus_5_template-back.jpg",,
"HTC One Google 32GB","Black"," One Google ",,,"40,000","30,000",,"Htc","5.0 inches","phone","Accelerometer, proximity, compass","http://obiweezy.vm/wp-content/uploads/obiwezy-assets/nexus_5_template-front.jpg","http://obiweezy.vm/wp-content/uploads/obiwezy-assets/nexus_5_template-back.jpg",,
"HTC One Max","Black"," One Max",,,"55,000","49,000",,"Htc","5.9 inches","phablet","Accelerometer, gyro, proximity, compass","http://obiweezy.vm/wp-content/uploads/obiwezy-assets/nexus_5_template-front.jpg","http://obiweezy.vm/wp-content/uploads/obiwezy-assets/nexus_5_template-back.jpg",,
"HTC Desire 601","Black","Desire 601",,,"28,000","22,000",,"Htc","4.5 inches","phone","Accelerometer, proximity","http://obiweezy.vm/wp-content/uploads/obiwezy-assets/nexus_5_template-front.jpg","http://obiweezy.vm/wp-content/uploads/obiwezy-assets/nexus_5_template-back.jpg",,
"HTC Desire 816 dual sim","Black","Desire 816 dual sim",,,"35,000","30,000",,"Htc","5.5 inches","phone","Accelerometer, proximity, compass","http://obiweezy.vm/wp-content/uploads/obiwezy-assets/nexus_5_template-front.jpg","http://obiweezy.vm/wp-content/uploads/obiwezy-assets/nexus_5_template-back.jpg",,
"Htc Amaze","Black"," Amaze",,"33,000",,,,"Htc","4.3 inches","phone","Accelerometer, proximity, compass","http://obiweezy.vm/wp-content/uploads/obiwezy-assets/nexus_5_template-front.jpg","http://obiweezy.vm/wp-content/uploads/obiwezy-assets/nexus_5_template-back.jpg",,
"Nokia Lumia 520","Black","Lumia 520",,"15,500",,,,"Nokia","4.0 inches","phone","Accelerometer, proximity","http://obiweezy.vm/wp-content/uploads/obiwezy-assets/nexus_5_template-front.jpg","http://obiweezy.vm/wp-content/uploads/obiwezy-assets/nexus_5_template-back.jpg",,
"Nokia Lumia 610","Black","Lumia 610",,"20,500",,,,"Nokia","3.7 inches","phone","Accelerometer, proximity, compass","http://obiweezy.vm/wp-content/uploads/obiwezy-assets/nexus_5_template-front.jpg","http://obiweezy.vm/wp-content/uploads/obiwezy-assets/nexus_5_template-back.jpg",,
"Nokia Lumia 925","Black"," Lumia 925",,"40,500",,,,"Nokia","4.5 inches","phone","Accelerometer, gyro, proximity, compass","http://obiweezy.vm/wp-content/uploads/obiwezy-assets/nexus_5_template-front.jpg","http://obiweezy.vm/wp-content/uploads/obiwezy-assets/nexus_5_template-back.jpg",,
"Nokia Lumia 1020","Black","Lumia 1020",,"62,000",,,,"Nokia","4.5 inches","phone","Accelerometer, gyro, proximity, compass, barometer","http://obiweezy.vm/wp-content/uploads/obiwezy-assets/nexus_5_template-front.jpg","http://obiweezy.vm/wp-content/uploads/obiwezy-assets/nexus_5_template-back.jpg",,
"Nokia Lumia 1520","Black","Lumia 1520",,"75,000",,,,"Nokia","6.0 inches","phone","Accelerometer, gyro, proximity, compass","http://obiweezy.vm/wp-content/uploads/obiwezy-assets/nexus_5_template-front.jpg","http://obiweezy.vm/wp-content/uploads/obiwezy-assets/nexus_5_template-back.jpg",,
"Nokia Asha ","Black","Asha N501",,"10,200",,,,"Nokia","3.0 inches","phone","Accelerometer, proximity","http://obiweezy.vm/wp-content/uploads/obiwezy-assets/nexus_5_template-front.jpg","http://obiweezy.vm/wp-content/uploads/obiwezy-assets/nexus_5_template-back.jpg",,
